name;suspiciousness_value
org.apache.commons.lang3.time$FastDateParser#getParsePattern():180;0.7071067811865475
org.apache.commons.lang3.time$FastDateParser#parse(java.lang.String):260;0.24253562503633297
org.apache.commons.lang3.time$FastDateParser#parse(java.lang.String,java.text.ParsePosition):282;0.23904572186687872
org.apache.commons.lang3.time$FastDateParser#parse(java.lang.String,java.text.ParsePosition):283;0.23904572186687872
org.apache.commons.lang3.time$FastDateParser#parse(java.lang.String,java.text.ParsePosition):285;0.23904572186687872
org.apache.commons.lang3.time$FastDateParser#parse(java.lang.String,java.text.ParsePosition):286;0.23904572186687872
org.apache.commons.lang3.time$FastDateParser#parse(java.lang.String,java.text.ParsePosition):287;0.23904572186687872
org.apache.commons.lang3.time$FastDateParser#parse(java.lang.String,java.text.ParsePosition):288;0.23904572186687872
org.apache.commons.lang3.time$FastDateParser#parse(java.lang.String,java.text.ParsePosition):289;0.23904572186687872
org.apache.commons.lang3.time$FastDateParser#parse(java.lang.String,java.text.ParsePosition):290;0.23904572186687872
org.apache.commons.lang3.time$FastDateParser$NumberStrategy#setCalendar(org.apache.commons.lang3.time.FastDateParser,java.util.Calendar,java.lang.String):732;0.23904572186687872
org.apache.commons.lang3.time$FastDateParser$NumberStrategy#setCalendar(org.apache.commons.lang3.time.FastDateParser,java.util.Calendar,java.lang.String):733;0.23904572186687872
org.apache.commons.lang3.time$FastDateParser$NumberStrategy#modify(int):741;0.23904572186687872
org.apache.commons.lang3.time$FastDateParser#parse(java.lang.String):250;0.23570226039551587
org.apache.commons.lang3.time$FastDateParser#parse(java.lang.String):251;0.23570226039551587
org.apache.commons.lang3.time$FastDateParser#parse(java.lang.String,java.text.ParsePosition):276;0.23249527748763857
org.apache.commons.lang3.time$FastDateParser#parse(java.lang.String,java.text.ParsePosition):277;0.23249527748763857
org.apache.commons.lang3.time$FastDateParser#parse(java.lang.String,java.text.ParsePosition):278;0.23249527748763857
org.apache.commons.lang3.time$FastDateParser#getStrategy(java.lang.String):537;0.19611613513818404
org.apache.commons.lang3.time$FastDateParser#getStrategy(java.lang.String):538;0.19611613513818404
org.apache.commons.lang3.time$FastDateFormat#parse(java.lang.String):472;0.16666666666666666
org.apache.commons.lang3.time$FastDatePrinter#selectNumberRule(int,int):359;0.1543033499620919
org.apache.commons.lang3.time$FastDatePrinter$UnpaddedNumberField#FastDatePrinter$UnpaddedNumberField(int):707;0.1543033499620919
org.apache.commons.lang3.time$FastDatePrinter$UnpaddedNumberField#FastDatePrinter$UnpaddedNumberField(int):708;0.1543033499620919
org.apache.commons.lang3.time$FastDatePrinter$UnpaddedNumberField#FastDatePrinter$UnpaddedNumberField(int):709;0.1543033499620919
org.apache.commons.lang3.time$FastDatePrinter$UnpaddedNumberField#estimateLength():716;0.1543033499620919
org.apache.commons.lang3.time$FastDateParser#getStrategy(java.lang.String):566;0.14359163172354764
org.apache.commons.lang3.time$FastDateParser#init():145;0.14002800840280097
org.apache.commons.lang3.time$FastDateParser#escapeRegex(java.lang.StringBuilder,java.lang.String,boolean):304;0.13801311186847084
org.apache.commons.lang3.time$FastDateParser#escapeRegex(java.lang.StringBuilder,java.lang.String,boolean):305;0.13801311186847084
org.apache.commons.lang3.time$FastDateParser#escapeRegex(java.lang.StringBuilder,java.lang.String,boolean):306;0.13801311186847084
org.apache.commons.lang3.time$FastDateParser#escapeRegex(java.lang.StringBuilder,java.lang.String,boolean):331;0.13801311186847084
org.apache.commons.lang3.time$FastDateParser#escapeRegex(java.lang.StringBuilder,java.lang.String,boolean):333;0.13801311186847084
org.apache.commons.lang3.time$FastDateParser#getStrategy(java.lang.String):542;0.13801311186847084
org.apache.commons.lang3.time$FastDateParser$CopyQuotedStrategy#FastDateParser$CopyQuotedStrategy(java.lang.String):603;0.13801311186847084
org.apache.commons.lang3.time$FastDateParser$CopyQuotedStrategy#FastDateParser$CopyQuotedStrategy(java.lang.String):604;0.13801311186847084
org.apache.commons.lang3.time$FastDateParser$CopyQuotedStrategy#FastDateParser$CopyQuotedStrategy(java.lang.String):605;0.13801311186847084
org.apache.commons.lang3.time$FastDateParser$CopyQuotedStrategy#addRegex(org.apache.commons.lang3.time.FastDateParser,java.lang.StringBuilder):624;0.13801311186847084
org.apache.commons.lang3.time$FastDateParser$CopyQuotedStrategy#addRegex(org.apache.commons.lang3.time.FastDateParser,java.lang.StringBuilder):625;0.13801311186847084
org.apache.commons.lang3.time$FastDateParser#FastDateParser(java.lang.String,java.util.TimeZone,java.util.Locale):104;0.13671718540493266
org.apache.commons.lang3.time$FastDateParser#FastDateParser(java.lang.String,java.util.TimeZone,java.util.Locale):105;0.13671718540493266
org.apache.commons.lang3.time$FastDateParser#FastDateParser(java.lang.String,java.util.TimeZone,java.util.Locale):106;0.13671718540493266
org.apache.commons.lang3.time$FastDateParser#FastDateParser(java.lang.String,java.util.TimeZone,java.util.Locale):107;0.13671718540493266
org.apache.commons.lang3.time$FastDateParser#FastDateParser(java.lang.String,java.util.TimeZone,java.util.Locale):108;0.13671718540493266
org.apache.commons.lang3.time$FastDateParser#FastDateParser(java.lang.String,java.util.TimeZone,java.util.Locale):109;0.13671718540493266
org.apache.commons.lang3.time$FastDateParser#init():116;0.13671718540493266
org.apache.commons.lang3.time$FastDateParser#init():118;0.13671718540493266
org.apache.commons.lang3.time$FastDateParser#init():120;0.13671718540493266
org.apache.commons.lang3.time$FastDateParser#init():121;0.13671718540493266
org.apache.commons.lang3.time$FastDateParser#init():123;0.13671718540493266
org.apache.commons.lang3.time$FastDateParser#init():124;0.13671718540493266
org.apache.commons.lang3.time$FastDateParser#init():128;0.13671718540493266
org.apache.commons.lang3.time$FastDateParser#init():129;0.13671718540493266
org.apache.commons.lang3.time$FastDateParser#init():131;0.13671718540493266
org.apache.commons.lang3.time$FastDateParser#init():132;0.13671718540493266
org.apache.commons.lang3.time$FastDateParser#init():133;0.13671718540493266
org.apache.commons.lang3.time$FastDateParser#init():134;0.13671718540493266
org.apache.commons.lang3.time$FastDateParser#init():136;0.13671718540493266
org.apache.commons.lang3.time$FastDateParser#init():137;0.13671718540493266
org.apache.commons.lang3.time$FastDateParser#init():138;0.13671718540493266
org.apache.commons.lang3.time$FastDateParser#init():141;0.13671718540493266
org.apache.commons.lang3.time$FastDateParser#init():142;0.13671718540493266
org.apache.commons.lang3.time$FastDateParser#init():143;0.13671718540493266
org.apache.commons.lang3.time$FastDateParser#init():144;0.13671718540493266
org.apache.commons.lang3.time$FastDateParser#init():147;0.13671718540493266
org.apache.commons.lang3.time$FastDateParser#init():148;0.13671718540493266
org.apache.commons.lang3.time$FastDateParser#init():149;0.13671718540493266
org.apache.commons.lang3.time$FastDateParser#init():150;0.13671718540493266
org.apache.commons.lang3.time$FastDateParser#isNextNumber():485;0.13671718540493266
org.apache.commons.lang3.time$FastDateParser#getStrategy(java.lang.String):535;0.13671718540493266
org.apache.commons.lang3.time$FastDateParser$NumberStrategy#addRegex(org.apache.commons.lang3.time.FastDateParser,java.lang.StringBuilder):718;0.13671718540493266
org.apache.commons.lang3.time$FastDateParser$NumberStrategy#addRegex(org.apache.commons.lang3.time.FastDateParser,java.lang.StringBuilder):722;0.13671718540493266
org.apache.commons.lang3.time$FastDateParser$NumberStrategy#addRegex(org.apache.commons.lang3.time.FastDateParser,java.lang.StringBuilder):724;0.13671718540493266
org.apache.commons.lang3.time$FastDateParser#<clinit>():76;0.13545709229571928
org.apache.commons.lang3.time$FastDateParser#<clinit>():79;0.13545709229571928
org.apache.commons.lang3.time$FastDateParser#<clinit>():357;0.13545709229571928
org.apache.commons.lang3.time$FastDateParser#<clinit>():526;0.13545709229571928
org.apache.commons.lang3.time$FastDateParser#<clinit>():745;0.13545709229571928
org.apache.commons.lang3.time$FastDateParser#<clinit>():833;0.13545709229571928
org.apache.commons.lang3.time$FastDateParser#<clinit>():834;0.13545709229571928
org.apache.commons.lang3.time$FastDateParser#<clinit>():835;0.13545709229571928
org.apache.commons.lang3.time$FastDateParser#<clinit>():836;0.13545709229571928
org.apache.commons.lang3.time$FastDateParser#<clinit>():838;0.13545709229571928
org.apache.commons.lang3.time$FastDateParser#<clinit>():844;0.13545709229571928
org.apache.commons.lang3.time$FastDateParser#<clinit>():845;0.13545709229571928
org.apache.commons.lang3.time$FastDateParser#<clinit>():846;0.13545709229571928
org.apache.commons.lang3.time$FastDateParser#<clinit>():847;0.13545709229571928
org.apache.commons.lang3.time$FastDateParser#<clinit>():848;0.13545709229571928
org.apache.commons.lang3.time$FastDateParser#<clinit>():849;0.13545709229571928
org.apache.commons.lang3.time$FastDateParser#<clinit>():850;0.13545709229571928
org.apache.commons.lang3.time$FastDateParser#<clinit>():851;0.13545709229571928
org.apache.commons.lang3.time$FastDateParser#<clinit>():857;0.13545709229571928
org.apache.commons.lang3.time$FastDateParser#<clinit>():863;0.13545709229571928
org.apache.commons.lang3.time$FastDateParser#<clinit>():864;0.13545709229571928
org.apache.commons.lang3.time$FastDateParser#<clinit>():865;0.13545709229571928
org.apache.commons.lang3.time$FastDateParser#<clinit>():866;0.13545709229571928
org.apache.commons.lang3.time$FastDateParser$NumberStrategy#FastDateParser$NumberStrategy(int):701;0.13545709229571928
org.apache.commons.lang3.time$FastDateParser$NumberStrategy#FastDateParser$NumberStrategy(int):702;0.13545709229571928
org.apache.commons.lang3.time$FastDateParser$NumberStrategy#FastDateParser$NumberStrategy(int):703;0.13545709229571928
org.apache.commons.lang3.time$FastDateParser$TextStrategy#FastDateParser$TextStrategy(int):646;0.13545709229571928
org.apache.commons.lang3.time$FastDateParser$TextStrategy#FastDateParser$TextStrategy(int):647;0.13545709229571928
org.apache.commons.lang3.time$FastDateParser$TextStrategy#FastDateParser$TextStrategy(int):648;0.13545709229571928
org.apache.commons.lang3.time$FastDatePrinter#parsePattern():277;0.1091089451179962
org.apache.commons.lang3.time$FastDatePrinter#parsePattern():279;0.1091089451179962
org.apache.commons.lang3.time$FastDatePrinter$StringLiteral#FastDatePrinter$StringLiteral(java.lang.String):632;0.1091089451179962
org.apache.commons.lang3.time$FastDatePrinter$StringLiteral#FastDatePrinter$StringLiteral(java.lang.String):633;0.1091089451179962
org.apache.commons.lang3.time$FastDatePrinter$StringLiteral#FastDatePrinter$StringLiteral(java.lang.String):634;0.1091089451179962
org.apache.commons.lang3.time$FastDatePrinter$StringLiteral#estimateLength():641;0.1091089451179962
org.apache.commons.lang3.time$FastDateFormat#getInstance(java.lang.String,java.util.TimeZone,java.util.Locale):165;0.10425720702853739
org.apache.commons.lang3.time$FastDatePrinter#parseToken(java.lang.String,int[]):328;0.10206207261596577
org.apache.commons.lang3.time$FastDatePrinter#parseToken(java.lang.String,int[]):333;0.10206207261596577
org.apache.commons.lang3.time$FormatCache#FormatCache():35;0.07761505257063328
org.apache.commons.lang3.time$FormatCache#FormatCache():41;0.07761505257063328
org.apache.commons.lang3.time$FormatCache#FormatCache():171;0.07761505257063328
org.apache.commons.lang3.time$FormatCache#getInstance(java.lang.String,java.util.TimeZone,java.util.Locale):70;0.07761505257063328
org.apache.commons.lang3.time$FormatCache#getInstance(java.lang.String,java.util.TimeZone,java.util.Locale):73;0.07761505257063328
org.apache.commons.lang3.time$FormatCache#getInstance(java.lang.String,java.util.TimeZone,java.util.Locale):76;0.07761505257063328
org.apache.commons.lang3.time$FormatCache#getInstance(java.lang.String,java.util.TimeZone,java.util.Locale):79;0.07761505257063328
org.apache.commons.lang3.time$FormatCache#getInstance(java.lang.String,java.util.TimeZone,java.util.Locale):80;0.07761505257063328
org.apache.commons.lang3.time$FormatCache#getInstance(java.lang.String,java.util.TimeZone,java.util.Locale):81;0.07761505257063328
org.apache.commons.lang3.time$FormatCache#getInstance(java.lang.String,java.util.TimeZone,java.util.Locale):82;0.07761505257063328
org.apache.commons.lang3.time$FormatCache#getInstance(java.lang.String,java.util.TimeZone,java.util.Locale):83;0.07761505257063328
org.apache.commons.lang3.time$FormatCache#getInstance(java.lang.String,java.util.TimeZone,java.util.Locale):84;0.07761505257063328
org.apache.commons.lang3.time$FormatCache#getInstance(java.lang.String,java.util.TimeZone,java.util.Locale):90;0.07761505257063328
org.apache.commons.lang3.time$FastDateFormat#FastDateFormat(java.lang.String,java.util.TimeZone,java.util.Locale):368;0.07761505257063328
org.apache.commons.lang3.time$FastDateFormat#FastDateFormat(java.lang.String,java.util.TimeZone,java.util.Locale):369;0.07761505257063328
org.apache.commons.lang3.time$FastDateFormat#FastDateFormat(java.lang.String,java.util.TimeZone,java.util.Locale):370;0.07761505257063328
org.apache.commons.lang3.time$FastDateFormat#FastDateFormat(java.lang.String,java.util.TimeZone,java.util.Locale):371;0.07761505257063328
org.apache.commons.lang3.time$FastDateFormat#<clinit>():88;0.07761505257063328
org.apache.commons.lang3.time$FastDateFormat$1#createInstance(java.lang.String,java.util.TimeZone,java.util.Locale):91;0.07761505257063328
org.apache.commons.lang3.time$FormatCache#<clinit>():44;0.07669649888473704
org.apache.commons.lang3.time$FormatCache$MultipartKey#FormatCache$MultipartKey(java.lang.Object[]):179;0.07669649888473704
org.apache.commons.lang3.time$FormatCache$MultipartKey#FormatCache$MultipartKey(java.lang.Object[]):180;0.07669649888473704
org.apache.commons.lang3.time$FormatCache$MultipartKey#FormatCache$MultipartKey(java.lang.Object[]):181;0.07669649888473704
org.apache.commons.lang3.time$FormatCache$MultipartKey#hashCode():199;0.07669649888473704
org.apache.commons.lang3.time$FormatCache$MultipartKey#hashCode():200;0.07669649888473704
org.apache.commons.lang3.time$FormatCache$MultipartKey#hashCode():201;0.07669649888473704
org.apache.commons.lang3.time$FormatCache$MultipartKey#hashCode():202;0.07669649888473704
org.apache.commons.lang3.time$FormatCache$MultipartKey#hashCode():203;0.07669649888473704
org.apache.commons.lang3.time$FormatCache$MultipartKey#hashCode():206;0.07669649888473704
org.apache.commons.lang3.time$FormatCache$MultipartKey#hashCode():208;0.07669649888473704
org.apache.commons.lang3.time$FastDatePrinter#parsePattern():217;0.07580980435789034
org.apache.commons.lang3.time$FastDatePrinter#parsePattern():218;0.07580980435789034
org.apache.commons.lang3.time$FastDatePrinter#parsePattern():275;0.07332355751067665
org.apache.commons.lang3.time$FastDatePrinter$CharacterLiteral#FastDatePrinter$CharacterLiteral(char):599;0.07332355751067665
org.apache.commons.lang3.time$FastDatePrinter$CharacterLiteral#FastDatePrinter$CharacterLiteral(char):600;0.07332355751067665
org.apache.commons.lang3.time$FastDatePrinter$CharacterLiteral#FastDatePrinter$CharacterLiteral(char):601;0.07332355751067665
org.apache.commons.lang3.time$FastDatePrinter$CharacterLiteral#estimateLength():608;0.07332355751067665
org.apache.commons.lang3.time$FastDatePrinter#parsePattern():273;0.07254762501100116
org.apache.commons.lang3.time$FastDatePrinter#parsePattern():274;0.07254762501100116
org.apache.commons.lang3.time$FastDatePrinter#parseToken(java.lang.String,int[]):320;0.07254762501100116
org.apache.commons.lang3.time$FastDatePrinter#parseToken(java.lang.String,int[]):322;0.07254762501100116
org.apache.commons.lang3.time$FastDatePrinter#parseToken(java.lang.String,int[]):324;0.07254762501100116
org.apache.commons.lang3.time$FastDatePrinter#parseToken(java.lang.String,int[]):325;0.07254762501100116
org.apache.commons.lang3.time$FastDatePrinter#parseToken(java.lang.String,int[]):327;0.07254762501100116
org.apache.commons.lang3.time$FastDatePrinter#parseToken(java.lang.String,int[]):335;0.07254762501100116
org.apache.commons.lang3.time$FastDatePrinter#parseToken(java.lang.String,int[]):337;0.07254762501100116
org.apache.commons.lang3.time$FastDatePrinter#parseToken(java.lang.String,int[]):338;0.07254762501100116
org.apache.commons.lang3.time$FastDatePrinter#parseToken(java.lang.String,int[]):340;0.07254762501100116
org.apache.commons.lang3.time$FastDatePrinter#selectNumberRule(int,int):357;0.07254762501100116
org.apache.commons.lang3.time$FastDatePrinter#FastDatePrinter(java.lang.String,java.util.TimeZone,java.util.Locale):136;0.07216878364870323
org.apache.commons.lang3.time$FastDatePrinter#FastDatePrinter(java.lang.String,java.util.TimeZone,java.util.Locale):137;0.07216878364870323
org.apache.commons.lang3.time$FastDatePrinter#FastDatePrinter(java.lang.String,java.util.TimeZone,java.util.Locale):138;0.07216878364870323
org.apache.commons.lang3.time$FastDatePrinter#FastDatePrinter(java.lang.String,java.util.TimeZone,java.util.Locale):139;0.07216878364870323
org.apache.commons.lang3.time$FastDatePrinter#FastDatePrinter(java.lang.String,java.util.TimeZone,java.util.Locale):141;0.07216878364870323
org.apache.commons.lang3.time$FastDatePrinter#FastDatePrinter(java.lang.String,java.util.TimeZone,java.util.Locale):142;0.07216878364870323
org.apache.commons.lang3.time$FastDatePrinter#<clinit>():1067;0.07216878364870323
org.apache.commons.lang3.time$FastDatePrinter#init():148;0.07216878364870323
org.apache.commons.lang3.time$FastDatePrinter#init():149;0.07216878364870323
org.apache.commons.lang3.time$FastDatePrinter#init():151;0.07216878364870323
org.apache.commons.lang3.time$FastDatePrinter#init():152;0.07216878364870323
org.apache.commons.lang3.time$FastDatePrinter#init():153;0.07216878364870323
org.apache.commons.lang3.time$FastDatePrinter#init():156;0.07216878364870323
org.apache.commons.lang3.time$FastDatePrinter#init():157;0.07216878364870323
org.apache.commons.lang3.time$FastDatePrinter#parsePattern():168;0.07216878364870323
org.apache.commons.lang3.time$FastDatePrinter#parsePattern():169;0.07216878364870323
org.apache.commons.lang3.time$FastDatePrinter#parsePattern():171;0.07216878364870323
org.apache.commons.lang3.time$FastDatePrinter#parsePattern():172;0.07216878364870323
org.apache.commons.lang3.time$FastDatePrinter#parsePattern():173;0.07216878364870323
org.apache.commons.lang3.time$FastDatePrinter#parsePattern():174;0.07216878364870323
org.apache.commons.lang3.time$FastDatePrinter#parsePattern():175;0.07216878364870323
org.apache.commons.lang3.time$FastDatePrinter#parsePattern():176;0.07216878364870323
org.apache.commons.lang3.time$FastDatePrinter#parsePattern():178;0.07216878364870323
org.apache.commons.lang3.time$FastDatePrinter#parsePattern():179;0.07216878364870323
org.apache.commons.lang3.time$FastDatePrinter#parsePattern():181;0.07216878364870323
org.apache.commons.lang3.time$FastDatePrinter#parsePattern():182;0.07216878364870323
org.apache.commons.lang3.time$FastDatePrinter#parsePattern():183;0.07216878364870323
org.apache.commons.lang3.time$FastDatePrinter#parsePattern():184;0.07216878364870323
org.apache.commons.lang3.time$FastDatePrinter#parsePattern():186;0.07216878364870323
org.apache.commons.lang3.time$FastDatePrinter#parsePattern():187;0.07216878364870323
org.apache.commons.lang3.time$FastDatePrinter#parsePattern():192;0.07216878364870323
org.apache.commons.lang3.time$FastDatePrinter#parsePattern():194;0.07216878364870323
org.apache.commons.lang3.time$FastDatePrinter#parsePattern():284;0.07216878364870323
org.apache.commons.lang3.time$FastDatePrinter#parsePattern():287;0.07216878364870323
org.apache.commons.lang3.time$FastDatePrinter#parseToken(java.lang.String,int[]):298;0.07216878364870323
org.apache.commons.lang3.time$FastDatePrinter#parseToken(java.lang.String,int[]):300;0.07216878364870323
org.apache.commons.lang3.time$FastDatePrinter#parseToken(java.lang.String,int[]):301;0.07216878364870323
org.apache.commons.lang3.time$FastDatePrinter#parseToken(java.lang.String,int[]):303;0.07216878364870323
org.apache.commons.lang3.time$FastDatePrinter#parseToken(java.lang.String,int[]):304;0.07216878364870323
org.apache.commons.lang3.time$FastDatePrinter#parseToken(java.lang.String,int[]):307;0.07216878364870323
org.apache.commons.lang3.time$FastDatePrinter#parseToken(java.lang.String,int[]):309;0.07216878364870323
org.apache.commons.lang3.time$FastDatePrinter#parseToken(java.lang.String,int[]):310;0.07216878364870323
org.apache.commons.lang3.time$FastDatePrinter#parseToken(java.lang.String,int[]):311;0.07216878364870323
org.apache.commons.lang3.time$FastDatePrinter#parseToken(java.lang.String,int[]):345;0.07216878364870323
org.apache.commons.lang3.time$FastDatePrinter#parseToken(java.lang.String,int[]):346;0.07216878364870323
org.apache.commons.lang3.time$FormatCache#getInstance():54;0.0
org.apache.commons.lang3.time$FormatCache#getInstance(java.lang.String,java.util.TimeZone,java.util.Locale):71;0.0
org.apache.commons.lang3.time$FormatCache#getInstance(java.lang.String,java.util.TimeZone,java.util.Locale):74;0.0
org.apache.commons.lang3.time$FormatCache#getInstance(java.lang.String,java.util.TimeZone,java.util.Locale):77;0.0
org.apache.commons.lang3.time$FormatCache#getInstance(java.lang.String,java.util.TimeZone,java.util.Locale):87;0.0
org.apache.commons.lang3.time$FormatCache#getDateTimeInstance(java.lang.Integer,java.lang.Integer,java.util.TimeZone,java.util.Locale):120;0.0
org.apache.commons.lang3.time$FormatCache#getDateTimeInstance(java.lang.Integer,java.lang.Integer,java.util.TimeZone,java.util.Locale):121;0.0
org.apache.commons.lang3.time$FormatCache#getDateTimeInstance(java.lang.Integer,java.lang.Integer,java.util.TimeZone,java.util.Locale):123;0.0
org.apache.commons.lang3.time$FormatCache#getDateTimeInstance(java.lang.Integer,java.lang.Integer,java.util.TimeZone,java.util.Locale):124;0.0
org.apache.commons.lang3.time$FormatCache#getPatternForStyle(java.lang.Integer,java.lang.Integer,java.util.Locale):137;0.0
org.apache.commons.lang3.time$FormatCache#getPatternForStyle(java.lang.Integer,java.lang.Integer,java.util.Locale):139;0.0
org.apache.commons.lang3.time$FormatCache#getPatternForStyle(java.lang.Integer,java.lang.Integer,java.util.Locale):140;0.0
org.apache.commons.lang3.time$FormatCache#getPatternForStyle(java.lang.Integer,java.lang.Integer,java.util.Locale):143;0.0
org.apache.commons.lang3.time$FormatCache#getPatternForStyle(java.lang.Integer,java.lang.Integer,java.util.Locale):144;0.0
org.apache.commons.lang3.time$FormatCache#getPatternForStyle(java.lang.Integer,java.lang.Integer,java.util.Locale):146;0.0
org.apache.commons.lang3.time$FormatCache#getPatternForStyle(java.lang.Integer,java.lang.Integer,java.util.Locale):147;0.0
org.apache.commons.lang3.time$FormatCache#getPatternForStyle(java.lang.Integer,java.lang.Integer,java.util.Locale):150;0.0
org.apache.commons.lang3.time$FormatCache#getPatternForStyle(java.lang.Integer,java.lang.Integer,java.util.Locale):152;0.0
org.apache.commons.lang3.time$FormatCache#getPatternForStyle(java.lang.Integer,java.lang.Integer,java.util.Locale):153;0.0
org.apache.commons.lang3.time$FormatCache#getPatternForStyle(java.lang.Integer,java.lang.Integer,java.util.Locale):154;0.0
org.apache.commons.lang3.time$FormatCache#getPatternForStyle(java.lang.Integer,java.lang.Integer,java.util.Locale):158;0.0
org.apache.commons.lang3.time$FormatCache#getPatternForStyle(java.lang.Integer,java.lang.Integer,java.util.Locale):162;0.0
org.apache.commons.lang3.time$FormatCache#getPatternForStyle(java.lang.Integer,java.lang.Integer,java.util.Locale):160;0.0
org.apache.commons.lang3.time$FormatCache#getPatternForStyle(java.lang.Integer,java.lang.Integer,java.util.Locale):161;0.0
org.apache.commons.lang3.time$FormatCache#getPatternForStyle(java.lang.Integer,java.lang.Integer,java.util.Locale):164;0.0
org.apache.commons.lang3.time$FormatCache$MultipartKey#equals(java.lang.Object):191;0.0
org.apache.commons.lang3.time$FastDateFormat#getInstance():106;0.0
org.apache.commons.lang3.time$FastDateFormat#getInstance(java.lang.String):119;0.0
org.apache.commons.lang3.time$FastDateFormat#getInstance(java.lang.String,java.util.TimeZone):134;0.0
org.apache.commons.lang3.time$FastDateFormat#getInstance(java.lang.String,java.util.Locale):148;0.0
org.apache.commons.lang3.time$FastDateFormat#getDateInstance(int):180;0.0
org.apache.commons.lang3.time$FastDateFormat#getDateInstance(int,java.util.Locale):195;0.0
org.apache.commons.lang3.time$FastDateFormat#getDateInstance(int,java.util.TimeZone):211;0.0
org.apache.commons.lang3.time$FastDateFormat#getDateInstance(int,java.util.TimeZone,java.util.Locale):227;0.0
org.apache.commons.lang3.time$FastDateFormat#getTimeInstance(int):242;0.0
org.apache.commons.lang3.time$FastDateFormat#getTimeInstance(int,java.util.Locale):257;0.0
org.apache.commons.lang3.time$FastDateFormat#getTimeInstance(int,java.util.TimeZone):273;0.0
org.apache.commons.lang3.time$FastDateFormat#getTimeInstance(int,java.util.TimeZone,java.util.Locale):289;0.0
org.apache.commons.lang3.time$FastDateFormat#getDateTimeInstance(int,int):305;0.0
org.apache.commons.lang3.time$FastDateFormat#getDateTimeInstance(int,int,java.util.Locale):321;0.0
org.apache.commons.lang3.time$FastDateFormat#getDateTimeInstance(int,int,java.util.TimeZone):338;0.0
org.apache.commons.lang3.time$FastDateFormat#getDateTimeInstance(int,int,java.util.TimeZone,java.util.Locale):355;0.0
org.apache.commons.lang3.time$FastDateFormat#format(java.lang.Object,java.lang.StringBuffer,java.text.FieldPosition):386;0.0
org.apache.commons.lang3.time$FastDateFormat#format(long):398;0.0
org.apache.commons.lang3.time$FastDateFormat#format(java.util.Date):409;0.0
org.apache.commons.lang3.time$FastDateFormat#format(java.util.Calendar):420;0.0
org.apache.commons.lang3.time$FastDateFormat#format(long,java.lang.StringBuffer):434;0.0
org.apache.commons.lang3.time$FastDateFormat#format(java.util.Date,java.lang.StringBuffer):447;0.0
org.apache.commons.lang3.time$FastDateFormat#format(java.util.Calendar,java.lang.StringBuffer):460;0.0
org.apache.commons.lang3.time$FastDateFormat#parse(java.lang.String,java.text.ParsePosition):480;0.0
org.apache.commons.lang3.time$FastDateFormat#parseObject(java.lang.String,java.text.ParsePosition):488;0.0
org.apache.commons.lang3.time$FastDateFormat#getPattern():500;0.0
org.apache.commons.lang3.time$FastDateFormat#getTimeZone():512;0.0
org.apache.commons.lang3.time$FastDateFormat#getLocale():522;0.0
org.apache.commons.lang3.time$FastDateFormat#getMaxLengthEstimate():535;0.0
org.apache.commons.lang3.time$FastDateFormat#equals(java.lang.Object):548;0.0
org.apache.commons.lang3.time$FastDateFormat#equals(java.lang.Object):549;0.0
org.apache.commons.lang3.time$FastDateFormat#equals(java.lang.Object):551;0.0
org.apache.commons.lang3.time$FastDateFormat#equals(java.lang.Object):553;0.0
org.apache.commons.lang3.time$FastDateFormat#hashCode():563;0.0
org.apache.commons.lang3.time$FastDateFormat#toString():573;0.0
org.apache.commons.lang3.time$FastDateFormat#applyRules(java.util.Calendar,java.lang.StringBuffer):586;0.0
org.apache.commons.lang3.time$FastDatePrinter#parsePattern():188;0.0
org.apache.commons.lang3.time$FastDatePrinter#parsePattern():196;0.0
org.apache.commons.lang3.time$FastDatePrinter#parsePattern():197;0.0
org.apache.commons.lang3.time$FastDatePrinter#parsePattern():199;0.0
org.apache.commons.lang3.time$FastDatePrinter#parsePattern():200;0.0
org.apache.commons.lang3.time$FastDatePrinter#parsePattern():202;0.0
org.apache.commons.lang3.time$FastDatePrinter#parsePattern():204;0.0
org.apache.commons.lang3.time$FastDatePrinter#parsePattern():206;0.0
org.apache.commons.lang3.time$FastDatePrinter#parsePattern():207;0.0
org.apache.commons.lang3.time$FastDatePrinter#parsePattern():208;0.0
org.apache.commons.lang3.time$FastDatePrinter#parsePattern():209;0.0
org.apache.commons.lang3.time$FastDatePrinter#parsePattern():210;0.0
org.apache.commons.lang3.time$FastDatePrinter#parsePattern():211;0.0
org.apache.commons.lang3.time$FastDatePrinter#parsePattern():213;0.0
org.apache.commons.lang3.time$FastDatePrinter#parsePattern():215;0.0
org.apache.commons.lang3.time$FastDatePrinter#parsePattern():220;0.0
org.apache.commons.lang3.time$FastDatePrinter#parsePattern():221;0.0
org.apache.commons.lang3.time$FastDatePrinter#parsePattern():223;0.0
org.apache.commons.lang3.time$FastDatePrinter#parsePattern():224;0.0
org.apache.commons.lang3.time$FastDatePrinter#parsePattern():226;0.0
org.apache.commons.lang3.time$FastDatePrinter#parsePattern():227;0.0
org.apache.commons.lang3.time$FastDatePrinter#parsePattern():229;0.0
org.apache.commons.lang3.time$FastDatePrinter#parsePattern():230;0.0
org.apache.commons.lang3.time$FastDatePrinter#parsePattern():232;0.0
org.apache.commons.lang3.time$FastDatePrinter#parsePattern():233;0.0
org.apache.commons.lang3.time$FastDatePrinter#parsePattern():235;0.0
org.apache.commons.lang3.time$FastDatePrinter#parsePattern():236;0.0
org.apache.commons.lang3.time$FastDatePrinter#parsePattern():238;0.0
org.apache.commons.lang3.time$FastDatePrinter#parsePattern():239;0.0
org.apache.commons.lang3.time$FastDatePrinter#parsePattern():241;0.0
org.apache.commons.lang3.time$FastDatePrinter#parsePattern():242;0.0
org.apache.commons.lang3.time$FastDatePrinter#parsePattern():244;0.0
org.apache.commons.lang3.time$FastDatePrinter#parsePattern():245;0.0
org.apache.commons.lang3.time$FastDatePrinter#parsePattern():247;0.0
org.apache.commons.lang3.time$FastDatePrinter#parsePattern():248;0.0
org.apache.commons.lang3.time$FastDatePrinter#parsePattern():250;0.0
org.apache.commons.lang3.time$FastDatePrinter#parsePattern():251;0.0
org.apache.commons.lang3.time$FastDatePrinter#parsePattern():253;0.0
org.apache.commons.lang3.time$FastDatePrinter#parsePattern():254;0.0
org.apache.commons.lang3.time$FastDatePrinter#parsePattern():256;0.0
org.apache.commons.lang3.time$FastDatePrinter#parsePattern():257;0.0
org.apache.commons.lang3.time$FastDatePrinter#parsePattern():259;0.0
org.apache.commons.lang3.time$FastDatePrinter#parsePattern():260;0.0
org.apache.commons.lang3.time$FastDatePrinter#parsePattern():262;0.0
org.apache.commons.lang3.time$FastDatePrinter#parsePattern():264;0.0
org.apache.commons.lang3.time$FastDatePrinter#parsePattern():266;0.0
org.apache.commons.lang3.time$FastDatePrinter#parsePattern():267;0.0
org.apache.commons.lang3.time$FastDatePrinter#parsePattern():269;0.0
org.apache.commons.lang3.time$FastDatePrinter#parsePattern():271;0.0
org.apache.commons.lang3.time$FastDatePrinter#parsePattern():281;0.0
org.apache.commons.lang3.time$FastDatePrinter#parseToken(java.lang.String,int[]):312;0.0
org.apache.commons.lang3.time$FastDatePrinter#parseToken(java.lang.String,int[]):313;0.0
org.apache.commons.lang3.time$FastDatePrinter#parseToken(java.lang.String,int[]):317;0.0
org.apache.commons.lang3.time$FastDatePrinter#parseToken(java.lang.String,int[]):330;0.0
org.apache.commons.lang3.time$FastDatePrinter#parseToken(java.lang.String,int[]):331;0.0
org.apache.commons.lang3.time$FastDatePrinter#selectNumberRule(int,int):361;0.0
org.apache.commons.lang3.time$FastDatePrinter#selectNumberRule(int,int):363;0.0
org.apache.commons.lang3.time$FastDatePrinter#format(java.lang.Object,java.lang.StringBuffer,java.text.FieldPosition):380;0.0
org.apache.commons.lang3.time$FastDatePrinter#format(java.lang.Object,java.lang.StringBuffer,java.text.FieldPosition):381;0.0
org.apache.commons.lang3.time$FastDatePrinter#format(java.lang.Object,java.lang.StringBuffer,java.text.FieldPosition):382;0.0
org.apache.commons.lang3.time$FastDatePrinter#format(java.lang.Object,java.lang.StringBuffer,java.text.FieldPosition):383;0.0
org.apache.commons.lang3.time$FastDatePrinter#format(java.lang.Object,java.lang.StringBuffer,java.text.FieldPosition):384;0.0
org.apache.commons.lang3.time$FastDatePrinter#format(java.lang.Object,java.lang.StringBuffer,java.text.FieldPosition):385;0.0
org.apache.commons.lang3.time$FastDatePrinter#format(java.lang.Object,java.lang.StringBuffer,java.text.FieldPosition):387;0.0
org.apache.commons.lang3.time$FastDatePrinter#format(long):397;0.0
org.apache.commons.lang3.time$FastDatePrinter#format(java.util.Date):405;0.0
org.apache.commons.lang3.time$FastDatePrinter#format(java.util.Date):406;0.0
org.apache.commons.lang3.time$FastDatePrinter#format(java.util.Date):407;0.0
org.apache.commons.lang3.time$FastDatePrinter#format(java.util.Calendar):415;0.0
org.apache.commons.lang3.time$FastDatePrinter#format(long,java.lang.StringBuffer):423;0.0
org.apache.commons.lang3.time$FastDatePrinter#format(java.util.Date,java.lang.StringBuffer):431;0.0
org.apache.commons.lang3.time$FastDatePrinter#format(java.util.Date,java.lang.StringBuffer):432;0.0
org.apache.commons.lang3.time$FastDatePrinter#format(java.util.Date,java.lang.StringBuffer):433;0.0
org.apache.commons.lang3.time$FastDatePrinter#format(java.util.Calendar,java.lang.StringBuffer):441;0.0
org.apache.commons.lang3.time$FastDatePrinter#applyRules(java.util.Calendar,java.lang.StringBuffer):453;0.0
org.apache.commons.lang3.time$FastDatePrinter#applyRules(java.util.Calendar,java.lang.StringBuffer):454;0.0
org.apache.commons.lang3.time$FastDatePrinter#applyRules(java.util.Calendar,java.lang.StringBuffer):456;0.0
org.apache.commons.lang3.time$FastDatePrinter#getPattern():466;0.0
org.apache.commons.lang3.time$FastDatePrinter#getTimeZone():474;0.0
org.apache.commons.lang3.time$FastDatePrinter#getLocale():482;0.0
org.apache.commons.lang3.time$FastDatePrinter#getMaxLengthEstimate():495;0.0
org.apache.commons.lang3.time$FastDatePrinter#equals(java.lang.Object):508;0.0
org.apache.commons.lang3.time$FastDatePrinter#equals(java.lang.Object):509;0.0
org.apache.commons.lang3.time$FastDatePrinter#equals(java.lang.Object):511;0.0
org.apache.commons.lang3.time$FastDatePrinter#equals(java.lang.Object):512;0.0
org.apache.commons.lang3.time$FastDatePrinter#hashCode():524;0.0
org.apache.commons.lang3.time$FastDatePrinter#toString():534;0.0
org.apache.commons.lang3.time$FastDatePrinter#readObject(java.io.ObjectInputStream):548;0.0
org.apache.commons.lang3.time$FastDatePrinter#readObject(java.io.ObjectInputStream):549;0.0
org.apache.commons.lang3.time$FastDatePrinter#readObject(java.io.ObjectInputStream):550;0.0
org.apache.commons.lang3.time$FastDatePrinter#getTimeZoneDisplay(java.util.TimeZone,boolean,int,java.util.Locale):1079;0.0
org.apache.commons.lang3.time$FastDatePrinter#getTimeZoneDisplay(java.util.TimeZone,boolean,int,java.util.Locale):1080;0.0
org.apache.commons.lang3.time$FastDatePrinter#getTimeZoneDisplay(java.util.TimeZone,boolean,int,java.util.Locale):1081;0.0
org.apache.commons.lang3.time$FastDatePrinter#getTimeZoneDisplay(java.util.TimeZone,boolean,int,java.util.Locale):1083;0.0
org.apache.commons.lang3.time$FastDatePrinter#getTimeZoneDisplay(java.util.TimeZone,boolean,int,java.util.Locale):1084;0.0
org.apache.commons.lang3.time$FastDatePrinter#getTimeZoneDisplay(java.util.TimeZone,boolean,int,java.util.Locale):1085;0.0
org.apache.commons.lang3.time$FastDatePrinter#getTimeZoneDisplay(java.util.TimeZone,boolean,int,java.util.Locale):1086;0.0
org.apache.commons.lang3.time$FastDatePrinter#getTimeZoneDisplay(java.util.TimeZone,boolean,int,java.util.Locale):1089;0.0
org.apache.commons.lang3.time$FastDatePrinter$UnpaddedMonthField#FastDatePrinter$UnpaddedMonthField():754;0.0
org.apache.commons.lang3.time$FastDatePrinter$UnpaddedMonthField#FastDatePrinter$UnpaddedMonthField():755;0.0
org.apache.commons.lang3.time$FastDatePrinter$UnpaddedMonthField#<clinit>():747;0.0
org.apache.commons.lang3.time$FastDatePrinter$UnpaddedMonthField#estimateLength():762;0.0
org.apache.commons.lang3.time$FastDatePrinter$UnpaddedMonthField#appendTo(java.lang.StringBuffer,java.util.Calendar):770;0.0
org.apache.commons.lang3.time$FastDatePrinter$UnpaddedMonthField#appendTo(java.lang.StringBuffer,java.util.Calendar):771;0.0
org.apache.commons.lang3.time$FastDatePrinter$UnpaddedMonthField#appendTo(java.lang.StringBuffer,int):778;0.0
org.apache.commons.lang3.time$FastDatePrinter$UnpaddedMonthField#appendTo(java.lang.StringBuffer,int):779;0.0
org.apache.commons.lang3.time$FastDatePrinter$UnpaddedMonthField#appendTo(java.lang.StringBuffer,int):781;0.0
org.apache.commons.lang3.time$FastDatePrinter$UnpaddedMonthField#appendTo(java.lang.StringBuffer,int):782;0.0
org.apache.commons.lang3.time$FastDatePrinter$UnpaddedMonthField#appendTo(java.lang.StringBuffer,int):784;0.0
org.apache.commons.lang3.time$FastDatePrinter$CharacterLiteral#appendTo(java.lang.StringBuffer,java.util.Calendar):616;0.0
org.apache.commons.lang3.time$FastDatePrinter$CharacterLiteral#appendTo(java.lang.StringBuffer,java.util.Calendar):617;0.0
org.apache.commons.lang3.time$FastDatePrinter$UnpaddedNumberField#appendTo(java.lang.StringBuffer,java.util.Calendar):724;0.0
org.apache.commons.lang3.time$FastDatePrinter$UnpaddedNumberField#appendTo(java.lang.StringBuffer,java.util.Calendar):725;0.0
org.apache.commons.lang3.time$FastDatePrinter$UnpaddedNumberField#appendTo(java.lang.StringBuffer,int):732;0.0
org.apache.commons.lang3.time$FastDatePrinter$UnpaddedNumberField#appendTo(java.lang.StringBuffer,int):733;0.0
org.apache.commons.lang3.time$FastDatePrinter$UnpaddedNumberField#appendTo(java.lang.StringBuffer,int):734;0.0
org.apache.commons.lang3.time$FastDatePrinter$UnpaddedNumberField#appendTo(java.lang.StringBuffer,int):735;0.0
org.apache.commons.lang3.time$FastDatePrinter$UnpaddedNumberField#appendTo(java.lang.StringBuffer,int):736;0.0
org.apache.commons.lang3.time$FastDatePrinter$UnpaddedNumberField#appendTo(java.lang.StringBuffer,int):738;0.0
org.apache.commons.lang3.time$FastDatePrinter$UnpaddedNumberField#appendTo(java.lang.StringBuffer,int):740;0.0
org.apache.commons.lang3.time$FastDatePrinter$TwoDigitYearField#FastDatePrinter$TwoDigitYearField():907;0.0
org.apache.commons.lang3.time$FastDatePrinter$TwoDigitYearField#FastDatePrinter$TwoDigitYearField():908;0.0
org.apache.commons.lang3.time$FastDatePrinter$TwoDigitYearField#<clinit>():901;0.0
org.apache.commons.lang3.time$FastDatePrinter$TwoDigitYearField#estimateLength():915;0.0
org.apache.commons.lang3.time$FastDatePrinter$TwoDigitYearField#appendTo(java.lang.StringBuffer,java.util.Calendar):923;0.0
org.apache.commons.lang3.time$FastDatePrinter$TwoDigitYearField#appendTo(java.lang.StringBuffer,java.util.Calendar):924;0.0
org.apache.commons.lang3.time$FastDatePrinter$TwoDigitYearField#appendTo(java.lang.StringBuffer,int):931;0.0
org.apache.commons.lang3.time$FastDatePrinter$TwoDigitYearField#appendTo(java.lang.StringBuffer,int):932;0.0
org.apache.commons.lang3.time$FastDatePrinter$TwoDigitYearField#appendTo(java.lang.StringBuffer,int):933;0.0
org.apache.commons.lang3.time$FastDateParser#init():125;0.0
org.apache.commons.lang3.time$FastDateParser#init():139;0.0
org.apache.commons.lang3.time$FastDateParser#getPattern():159;0.0
org.apache.commons.lang3.time$FastDateParser#getTimeZone():167;0.0
org.apache.commons.lang3.time$FastDateParser#getLocale():175;0.0
org.apache.commons.lang3.time$FastDateParser#equals(java.lang.Object):193;0.0
org.apache.commons.lang3.time$FastDateParser#equals(java.lang.Object):194;0.0
org.apache.commons.lang3.time$FastDateParser#equals(java.lang.Object):196;0.0
org.apache.commons.lang3.time$FastDateParser#equals(java.lang.Object):197;0.0
org.apache.commons.lang3.time$FastDateParser#hashCode():209;0.0
org.apache.commons.lang3.time$FastDateParser#toString():219;0.0
org.apache.commons.lang3.time$FastDateParser#readObject(java.io.ObjectInputStream):233;0.0
org.apache.commons.lang3.time$FastDateParser#readObject(java.io.ObjectInputStream):234;0.0
org.apache.commons.lang3.time$FastDateParser#readObject(java.io.ObjectInputStream):235;0.0
org.apache.commons.lang3.time$FastDateParser#parseObject(java.lang.String):242;0.0
org.apache.commons.lang3.time$FastDateParser#parse(java.lang.String):253;0.0
org.apache.commons.lang3.time$FastDateParser#parse(java.lang.String):254;0.0
org.apache.commons.lang3.time$FastDateParser#parse(java.lang.String):258;0.0
org.apache.commons.lang3.time$FastDateParser#parseObject(java.lang.String,java.text.ParsePosition):268;0.0
org.apache.commons.lang3.time$FastDateParser#parse(java.lang.String,java.text.ParsePosition):279;0.0
org.apache.commons.lang3.time$FastDateParser#escapeRegex(java.lang.StringBuilder,java.lang.String,boolean):308;0.0
org.apache.commons.lang3.time$FastDateParser#escapeRegex(java.lang.StringBuilder,java.lang.String,boolean):309;0.0
org.apache.commons.lang3.time$FastDateParser#escapeRegex(java.lang.StringBuilder,java.lang.String,boolean):310;0.0
org.apache.commons.lang3.time$FastDateParser#escapeRegex(java.lang.StringBuilder,java.lang.String,boolean):312;0.0
org.apache.commons.lang3.time$FastDateParser#escapeRegex(java.lang.StringBuilder,java.lang.String,boolean):329;0.0
org.apache.commons.lang3.time$FastDateParser#getDisplayNames(int):370;0.0
org.apache.commons.lang3.time$FastDateParser#getDisplayNames(int):371;0.0
org.apache.commons.lang3.time$FastDateParser#getDisplayNames(int):372;0.0
org.apache.commons.lang3.time$FastDateParser#getDisplayNames(int):373;0.0
org.apache.commons.lang3.time$FastDateParser#getDisplayNames(int):374;0.0
org.apache.commons.lang3.time$FastDateParser#getDisplayNames(int):379;0.0
org.apache.commons.lang3.time$FastDateParser#getDisplayNames(int):381;0.0
org.apache.commons.lang3.time$FastDateParser#getDisplayNames(int):382;0.0
org.apache.commons.lang3.time$FastDateParser#getDisplayNames(int):383;0.0
org.apache.commons.lang3.time$FastDateParser#getDisplayNames(int):384;0.0
org.apache.commons.lang3.time$FastDateParser#getDisplayNames(int):386;0.0
org.apache.commons.lang3.time$FastDateParser#getDisplayNames(int):387;0.0
org.apache.commons.lang3.time$FastDateParser#getDisplayNames(int):389;0.0
org.apache.commons.lang3.time$FastDateParser#getDisplayNames(int):390;0.0
org.apache.commons.lang3.time$FastDateParser#getDisplayNames(int):392;0.0
org.apache.commons.lang3.time$FastDateParser#getDisplayNames(int):393;0.0
org.apache.commons.lang3.time$FastDateParser#getDisplayNames(int):395;0.0
org.apache.commons.lang3.time$FastDateParser#getDisplayNames(int):397;0.0
org.apache.commons.lang3.time$FastDateParser#getDisplayNames(int):398;0.0
org.apache.commons.lang3.time$FastDateParser#getDisplayNames(int):399;0.0
org.apache.commons.lang3.time$FastDateParser#getDisplayNames(int):402;0.0
org.apache.commons.lang3.time$FastDateParser#toArray(java.util.Map):406;0.0
org.apache.commons.lang3.time$FastDateParser#toArray(java.util.Map):407;0.0
org.apache.commons.lang3.time$FastDateParser#toArray(java.util.Map):408;0.0
org.apache.commons.lang3.time$FastDateParser#toArray(java.util.Map):409;0.0
org.apache.commons.lang3.time$FastDateParser#toArray(java.util.Map):410;0.0
org.apache.commons.lang3.time$FastDateParser#toArray(java.util.Map):411;0.0
org.apache.commons.lang3.time$FastDateParser#toArray(java.util.Map):413;0.0
org.apache.commons.lang3.time$FastDateParser#toArray(java.util.Map):414;0.0
org.apache.commons.lang3.time$FastDateParser#toArray(java.util.Map):415;0.0
org.apache.commons.lang3.time$FastDateParser#createKeyValues(java.lang.String[],java.lang.String[]):425;0.0
org.apache.commons.lang3.time$FastDateParser#createKeyValues(java.lang.String[],java.lang.String[]):426;0.0
org.apache.commons.lang3.time$FastDateParser#createKeyValues(java.lang.String[],java.lang.String[]):427;0.0
org.apache.commons.lang3.time$FastDateParser#createKeyValues(java.lang.String[],java.lang.String[]):428;0.0
org.apache.commons.lang3.time$FastDateParser#count(java.lang.String[]):437;0.0
org.apache.commons.lang3.time$FastDateParser#count(java.lang.String[]):438;0.0
org.apache.commons.lang3.time$FastDateParser#count(java.lang.String[]):439;0.0
org.apache.commons.lang3.time$FastDateParser#count(java.lang.String[]):440;0.0
org.apache.commons.lang3.time$FastDateParser#count(java.lang.String[]):441;0.0
org.apache.commons.lang3.time$FastDateParser#count(java.lang.String[]):445;0.0
org.apache.commons.lang3.time$FastDateParser#copy(org.apache.commons.lang3.time.FastDateParser$KeyValue[],int,java.lang.String[]):456;0.0
org.apache.commons.lang3.time$FastDateParser#copy(org.apache.commons.lang3.time.FastDateParser$KeyValue[],int,java.lang.String[]):457;0.0
org.apache.commons.lang3.time$FastDateParser#copy(org.apache.commons.lang3.time.FastDateParser$KeyValue[],int,java.lang.String[]):458;0.0
org.apache.commons.lang3.time$FastDateParser#copy(org.apache.commons.lang3.time.FastDateParser$KeyValue[],int,java.lang.String[]):459;0.0
org.apache.commons.lang3.time$FastDateParser#copy(org.apache.commons.lang3.time.FastDateParser$KeyValue[],int,java.lang.String[]):460;0.0
org.apache.commons.lang3.time$FastDateParser#copy(org.apache.commons.lang3.time.FastDateParser$KeyValue[],int,java.lang.String[]):464;0.0
org.apache.commons.lang3.time$FastDateParser#adjustYear(int):473;0.0
org.apache.commons.lang3.time$FastDateParser#adjustYear(int):474;0.0
org.apache.commons.lang3.time$FastDateParser#adjustYear(int):475;0.0
org.apache.commons.lang3.time$FastDateParser#adjustYear(int):477;0.0
org.apache.commons.lang3.time$FastDateParser#getFieldWidth():493;0.0
org.apache.commons.lang3.time$FastDateParser#getStrategy(java.lang.String):544;0.0
org.apache.commons.lang3.time$FastDateParser#getStrategy(java.lang.String):546;0.0
org.apache.commons.lang3.time$FastDateParser#getStrategy(java.lang.String):548;0.0
org.apache.commons.lang3.time$FastDateParser#getStrategy(java.lang.String):550;0.0
org.apache.commons.lang3.time$FastDateParser#getStrategy(java.lang.String):552;0.0
org.apache.commons.lang3.time$FastDateParser#getStrategy(java.lang.String):554;0.0
org.apache.commons.lang3.time$FastDateParser#getStrategy(java.lang.String):556;0.0
org.apache.commons.lang3.time$FastDateParser#getStrategy(java.lang.String):558;0.0
org.apache.commons.lang3.time$FastDateParser#getStrategy(java.lang.String):560;0.0
org.apache.commons.lang3.time$FastDateParser#getStrategy(java.lang.String):562;0.0
org.apache.commons.lang3.time$FastDateParser#getStrategy(java.lang.String):564;0.0
org.apache.commons.lang3.time$FastDateParser#getStrategy(java.lang.String):568;0.0
org.apache.commons.lang3.time$FastDateParser#getStrategy(java.lang.String):570;0.0
org.apache.commons.lang3.time$FastDateParser#getStrategy(java.lang.String):572;0.0
org.apache.commons.lang3.time$FastDateParser#getStrategy(java.lang.String):574;0.0
org.apache.commons.lang3.time$FastDateParser#getStrategy(java.lang.String):576;0.0
org.apache.commons.lang3.time$FastDateParser#getStrategy(java.lang.String):578;0.0
org.apache.commons.lang3.time$FastDateParser#getStrategy(java.lang.String):582;0.0
org.apache.commons.lang3.time$FastDateParser#getStrategy(java.lang.String):583;0.0
org.apache.commons.lang3.time$FastDateParser#getStrategy(java.lang.String):584;0.0
org.apache.commons.lang3.time$FastDateParser#getStrategy(java.lang.String):585;0.0
org.apache.commons.lang3.time$FastDateParser#getStrategy(java.lang.String):586;0.0
org.apache.commons.lang3.time$FastDateParser#getStrategy(java.lang.String):587;0.0
org.apache.commons.lang3.time$FastDateParser#getStrategy(java.lang.String):590;0.0
org.apache.commons.lang3.time$FastDateParser$1#compare(org.apache.commons.lang3.time.FastDateParser$KeyValue,org.apache.commons.lang3.time.FastDateParser$KeyValue):360;0.0
org.apache.commons.lang3.time$FastDateParser$NumberStrategy#isNumber():710;0.0
org.apache.commons.lang3.time$FastDateParser$NumberStrategy#addRegex(org.apache.commons.lang3.time.FastDateParser,java.lang.StringBuilder):719;0.0
org.apache.commons.lang3.time$FastDateParser$2#setCalendar(org.apache.commons.lang3.time.FastDateParser,java.util.Calendar,java.lang.String):751;0.0
org.apache.commons.lang3.time$FastDateParser$2#setCalendar(org.apache.commons.lang3.time.FastDateParser,java.util.Calendar,java.lang.String):752;0.0
org.apache.commons.lang3.time$FastDateParser$2#setCalendar(org.apache.commons.lang3.time.FastDateParser,java.util.Calendar,java.lang.String):753;0.0
org.apache.commons.lang3.time$FastDateParser$2#setCalendar(org.apache.commons.lang3.time.FastDateParser,java.util.Calendar,java.lang.String):755;0.0
org.apache.commons.lang3.time$FastDateParser$2#setCalendar(org.apache.commons.lang3.time.FastDateParser,java.util.Calendar,java.lang.String):756;0.0
org.apache.commons.lang3.time$FastDateParser$TextStrategy#isNumber():655;0.0
org.apache.commons.lang3.time$FastDateParser$TextStrategy#addRegex(org.apache.commons.lang3.time.FastDateParser,java.lang.StringBuilder):663;0.0
org.apache.commons.lang3.time$FastDateParser$TextStrategy#addRegex(org.apache.commons.lang3.time.FastDateParser,java.lang.StringBuilder):664;0.0
org.apache.commons.lang3.time$FastDateParser$TextStrategy#addRegex(org.apache.commons.lang3.time.FastDateParser,java.lang.StringBuilder):665;0.0
org.apache.commons.lang3.time$FastDateParser$TextStrategy#addRegex(org.apache.commons.lang3.time.FastDateParser,java.lang.StringBuilder):667;0.0
org.apache.commons.lang3.time$FastDateParser$TextStrategy#addRegex(org.apache.commons.lang3.time.FastDateParser,java.lang.StringBuilder):668;0.0
org.apache.commons.lang3.time$FastDateParser$TextStrategy#setCalendar(org.apache.commons.lang3.time.FastDateParser,java.util.Calendar,java.lang.String):676;0.0
org.apache.commons.lang3.time$FastDateParser$TextStrategy#setCalendar(org.apache.commons.lang3.time.FastDateParser,java.util.Calendar,java.lang.String):677;0.0
org.apache.commons.lang3.time$FastDateParser$TextStrategy#setCalendar(org.apache.commons.lang3.time.FastDateParser,java.util.Calendar,java.lang.String):678;0.0
org.apache.commons.lang3.time$FastDateParser$TextStrategy#setCalendar(org.apache.commons.lang3.time.FastDateParser,java.util.Calendar,java.lang.String):679;0.0
org.apache.commons.lang3.time$FastDateParser$TextStrategy#setCalendar(org.apache.commons.lang3.time.FastDateParser,java.util.Calendar,java.lang.String):680;0.0
org.apache.commons.lang3.time$FastDateParser$TextStrategy#setCalendar(org.apache.commons.lang3.time.FastDateParser,java.util.Calendar,java.lang.String):681;0.0
org.apache.commons.lang3.time$FastDateParser$TextStrategy#setCalendar(org.apache.commons.lang3.time.FastDateParser,java.util.Calendar,java.lang.String):682;0.0
org.apache.commons.lang3.time$FastDateParser$TextStrategy#setCalendar(org.apache.commons.lang3.time.FastDateParser,java.util.Calendar,java.lang.String):684;0.0
org.apache.commons.lang3.time$FastDateParser$TextStrategy#setCalendar(org.apache.commons.lang3.time.FastDateParser,java.util.Calendar,java.lang.String):685;0.0
org.apache.commons.lang3.time$FastDateParser$TextStrategy#setCalendar(org.apache.commons.lang3.time.FastDateParser,java.util.Calendar,java.lang.String):687;0.0
org.apache.commons.lang3.time$FastDateParser$TextStrategy#setCalendar(org.apache.commons.lang3.time.FastDateParser,java.util.Calendar,java.lang.String):688;0.0
org.apache.commons.lang3.time$FastDateParser$3#modify(int):841;0.0
org.apache.commons.lang3.time$FastDateParser$4#modify(int):854;0.0
org.apache.commons.lang3.time$FastDateParser$5#modify(int):860;0.0
org.apache.commons.lang3.time$FastDateParser$CopyQuotedStrategy#isNumber():612;0.0
org.apache.commons.lang3.time$FastDateParser$CopyQuotedStrategy#isNumber():613;0.0
org.apache.commons.lang3.time$FastDateParser$CopyQuotedStrategy#isNumber():614;0.0
org.apache.commons.lang3.time$FastDateParser$CopyQuotedStrategy#isNumber():616;0.0
org.apache.commons.lang3.time$FastDateParser$CopyQuotedStrategy#setCalendar(org.apache.commons.lang3.time.FastDateParser,java.util.Calendar,java.lang.String):633;0.0
org.apache.commons.lang3.time$FastDatePrinter$PaddedNumberField#FastDatePrinter$PaddedNumberField(int,int):800;0.0
org.apache.commons.lang3.time$FastDatePrinter$PaddedNumberField#FastDatePrinter$PaddedNumberField(int,int):801;0.0
org.apache.commons.lang3.time$FastDatePrinter$PaddedNumberField#FastDatePrinter$PaddedNumberField(int,int):803;0.0
org.apache.commons.lang3.time$FastDatePrinter$PaddedNumberField#FastDatePrinter$PaddedNumberField(int,int):805;0.0
org.apache.commons.lang3.time$FastDatePrinter$PaddedNumberField#FastDatePrinter$PaddedNumberField(int,int):806;0.0
org.apache.commons.lang3.time$FastDatePrinter$PaddedNumberField#FastDatePrinter$PaddedNumberField(int,int):807;0.0
org.apache.commons.lang3.time$FastDatePrinter$PaddedNumberField#estimateLength():814;0.0
org.apache.commons.lang3.time$FastDatePrinter$PaddedNumberField#appendTo(java.lang.StringBuffer,java.util.Calendar):822;0.0
org.apache.commons.lang3.time$FastDatePrinter$PaddedNumberField#appendTo(java.lang.StringBuffer,java.util.Calendar):823;0.0
org.apache.commons.lang3.time$FastDatePrinter$PaddedNumberField#appendTo(java.lang.StringBuffer,int):830;0.0
org.apache.commons.lang3.time$FastDatePrinter$PaddedNumberField#appendTo(java.lang.StringBuffer,int):831;0.0
org.apache.commons.lang3.time$FastDatePrinter$PaddedNumberField#appendTo(java.lang.StringBuffer,int):832;0.0
org.apache.commons.lang3.time$FastDatePrinter$PaddedNumberField#appendTo(java.lang.StringBuffer,int):834;0.0
org.apache.commons.lang3.time$FastDatePrinter$PaddedNumberField#appendTo(java.lang.StringBuffer,int):835;0.0
org.apache.commons.lang3.time$FastDatePrinter$PaddedNumberField#appendTo(java.lang.StringBuffer,int):838;0.0
org.apache.commons.lang3.time$FastDatePrinter$PaddedNumberField#appendTo(java.lang.StringBuffer,int):839;0.0
org.apache.commons.lang3.time$FastDatePrinter$PaddedNumberField#appendTo(java.lang.StringBuffer,int):841;0.0
org.apache.commons.lang3.time$FastDatePrinter$PaddedNumberField#appendTo(java.lang.StringBuffer,int):842;0.0
org.apache.commons.lang3.time$FastDatePrinter$PaddedNumberField#appendTo(java.lang.StringBuffer,int):844;0.0
org.apache.commons.lang3.time$FastDatePrinter$PaddedNumberField#appendTo(java.lang.StringBuffer,int):845;0.0
org.apache.commons.lang3.time$FastDatePrinter$PaddedNumberField#appendTo(java.lang.StringBuffer,int):847;0.0
org.apache.commons.lang3.time$FastDatePrinter$PaddedNumberField#appendTo(java.lang.StringBuffer,int):849;0.0
org.apache.commons.lang3.time$FastDatePrinter$TwoDigitMonthField#FastDatePrinter$TwoDigitMonthField():946;0.0
org.apache.commons.lang3.time$FastDatePrinter$TwoDigitMonthField#FastDatePrinter$TwoDigitMonthField():947;0.0
org.apache.commons.lang3.time$FastDatePrinter$TwoDigitMonthField#<clinit>():940;0.0
org.apache.commons.lang3.time$FastDatePrinter$TwoDigitMonthField#estimateLength():954;0.0
org.apache.commons.lang3.time$FastDatePrinter$TwoDigitMonthField#appendTo(java.lang.StringBuffer,java.util.Calendar):962;0.0
org.apache.commons.lang3.time$FastDatePrinter$TwoDigitMonthField#appendTo(java.lang.StringBuffer,java.util.Calendar):963;0.0
org.apache.commons.lang3.time$FastDatePrinter$TwoDigitMonthField#appendTo(java.lang.StringBuffer,int):970;0.0
org.apache.commons.lang3.time$FastDatePrinter$TwoDigitMonthField#appendTo(java.lang.StringBuffer,int):971;0.0
org.apache.commons.lang3.time$FastDatePrinter$TwoDigitMonthField#appendTo(java.lang.StringBuffer,int):972;0.0
org.apache.commons.lang3.time$FastDatePrinter$TwoDigitNumberField#FastDatePrinter$TwoDigitNumberField(int):863;0.0
org.apache.commons.lang3.time$FastDatePrinter$TwoDigitNumberField#FastDatePrinter$TwoDigitNumberField(int):864;0.0
org.apache.commons.lang3.time$FastDatePrinter$TwoDigitNumberField#FastDatePrinter$TwoDigitNumberField(int):865;0.0
org.apache.commons.lang3.time$FastDatePrinter$TwoDigitNumberField#estimateLength():872;0.0
org.apache.commons.lang3.time$FastDatePrinter$TwoDigitNumberField#appendTo(java.lang.StringBuffer,java.util.Calendar):880;0.0
org.apache.commons.lang3.time$FastDatePrinter$TwoDigitNumberField#appendTo(java.lang.StringBuffer,java.util.Calendar):881;0.0
org.apache.commons.lang3.time$FastDatePrinter$TwoDigitNumberField#appendTo(java.lang.StringBuffer,int):888;0.0
org.apache.commons.lang3.time$FastDatePrinter$TwoDigitNumberField#appendTo(java.lang.StringBuffer,int):889;0.0
org.apache.commons.lang3.time$FastDatePrinter$TwoDigitNumberField#appendTo(java.lang.StringBuffer,int):890;0.0
org.apache.commons.lang3.time$FastDatePrinter$TwoDigitNumberField#appendTo(java.lang.StringBuffer,int):892;0.0
org.apache.commons.lang3.time$FastDatePrinter$TwoDigitNumberField#appendTo(java.lang.StringBuffer,int):894;0.0
org.apache.commons.lang3.time$FastDatePrinter$TimeZoneNumberRule#FastDatePrinter$TimeZoneNumberRule(boolean):1150;0.0
org.apache.commons.lang3.time$FastDatePrinter$TimeZoneNumberRule#FastDatePrinter$TimeZoneNumberRule(boolean):1151;0.0
org.apache.commons.lang3.time$FastDatePrinter$TimeZoneNumberRule#FastDatePrinter$TimeZoneNumberRule(boolean):1152;0.0
org.apache.commons.lang3.time$FastDatePrinter$TimeZoneNumberRule#<clinit>():1140;0.0
org.apache.commons.lang3.time$FastDatePrinter$TimeZoneNumberRule#<clinit>():1141;0.0
org.apache.commons.lang3.time$FastDatePrinter$TimeZoneNumberRule#estimateLength():1159;0.0
org.apache.commons.lang3.time$FastDatePrinter$TimeZoneNumberRule#appendTo(java.lang.StringBuffer,java.util.Calendar):1167;0.0
org.apache.commons.lang3.time$FastDatePrinter$TimeZoneNumberRule#appendTo(java.lang.StringBuffer,java.util.Calendar):1169;0.0
org.apache.commons.lang3.time$FastDatePrinter$TimeZoneNumberRule#appendTo(java.lang.StringBuffer,java.util.Calendar):1170;0.0
org.apache.commons.lang3.time$FastDatePrinter$TimeZoneNumberRule#appendTo(java.lang.StringBuffer,java.util.Calendar):1171;0.0
org.apache.commons.lang3.time$FastDatePrinter$TimeZoneNumberRule#appendTo(java.lang.StringBuffer,java.util.Calendar):1173;0.0
org.apache.commons.lang3.time$FastDatePrinter$TimeZoneNumberRule#appendTo(java.lang.StringBuffer,java.util.Calendar):1176;0.0
org.apache.commons.lang3.time$FastDatePrinter$TimeZoneNumberRule#appendTo(java.lang.StringBuffer,java.util.Calendar):1177;0.0
org.apache.commons.lang3.time$FastDatePrinter$TimeZoneNumberRule#appendTo(java.lang.StringBuffer,java.util.Calendar):1178;0.0
org.apache.commons.lang3.time$FastDatePrinter$TimeZoneNumberRule#appendTo(java.lang.StringBuffer,java.util.Calendar):1180;0.0
org.apache.commons.lang3.time$FastDatePrinter$TimeZoneNumberRule#appendTo(java.lang.StringBuffer,java.util.Calendar):1181;0.0
org.apache.commons.lang3.time$FastDatePrinter$TimeZoneNumberRule#appendTo(java.lang.StringBuffer,java.util.Calendar):1184;0.0
org.apache.commons.lang3.time$FastDatePrinter$TimeZoneNumberRule#appendTo(java.lang.StringBuffer,java.util.Calendar):1185;0.0
org.apache.commons.lang3.time$FastDatePrinter$TimeZoneNumberRule#appendTo(java.lang.StringBuffer,java.util.Calendar):1186;0.0
org.apache.commons.lang3.time$FastDatePrinter$TimeZoneNumberRule#appendTo(java.lang.StringBuffer,java.util.Calendar):1187;0.0
org.apache.commons.lang3.time$FastDateParser$TimeZoneStrategy#FastDateParser$TimeZoneStrategy(java.util.Locale):771;0.0
org.apache.commons.lang3.time$FastDateParser$TimeZoneStrategy#FastDateParser$TimeZoneStrategy(java.util.Locale):765;0.0
org.apache.commons.lang3.time$FastDateParser$TimeZoneStrategy#FastDateParser$TimeZoneStrategy(java.util.Locale):772;0.0
org.apache.commons.lang3.time$FastDateParser$TimeZoneStrategy#FastDateParser$TimeZoneStrategy(java.util.Locale):773;0.0
org.apache.commons.lang3.time$FastDateParser$TimeZoneStrategy#FastDateParser$TimeZoneStrategy(java.util.Locale):774;0.0
org.apache.commons.lang3.time$FastDateParser$TimeZoneStrategy#FastDateParser$TimeZoneStrategy(java.util.Locale):776;0.0
org.apache.commons.lang3.time$FastDateParser$TimeZoneStrategy#FastDateParser$TimeZoneStrategy(java.util.Locale):777;0.0
org.apache.commons.lang3.time$FastDateParser$TimeZoneStrategy#FastDateParser$TimeZoneStrategy(java.util.Locale):778;0.0
org.apache.commons.lang3.time$FastDateParser$TimeZoneStrategy#FastDateParser$TimeZoneStrategy(java.util.Locale):779;0.0
org.apache.commons.lang3.time$FastDateParser$TimeZoneStrategy#FastDateParser$TimeZoneStrategy(java.util.Locale):780;0.0
org.apache.commons.lang3.time$FastDateParser$TimeZoneStrategy#FastDateParser$TimeZoneStrategy(java.util.Locale):781;0.0
org.apache.commons.lang3.time$FastDateParser$TimeZoneStrategy#FastDateParser$TimeZoneStrategy(java.util.Locale):784;0.0
org.apache.commons.lang3.time$FastDateParser$TimeZoneStrategy#FastDateParser$TimeZoneStrategy(java.util.Locale):785;0.0
org.apache.commons.lang3.time$FastDateParser$TimeZoneStrategy#FastDateParser$TimeZoneStrategy(java.util.Locale):786;0.0
org.apache.commons.lang3.time$FastDateParser$TimeZoneStrategy#FastDateParser$TimeZoneStrategy(java.util.Locale):787;0.0
org.apache.commons.lang3.time$FastDateParser$TimeZoneStrategy#FastDateParser$TimeZoneStrategy(java.util.Locale):788;0.0
org.apache.commons.lang3.time$FastDateParser$TimeZoneStrategy#FastDateParser$TimeZoneStrategy(java.util.Locale):789;0.0
org.apache.commons.lang3.time$FastDateParser$TimeZoneStrategy#FastDateParser$TimeZoneStrategy(java.util.Locale):790;0.0
org.apache.commons.lang3.time$FastDateParser$TimeZoneStrategy#FastDateParser$TimeZoneStrategy(java.util.Locale):791;0.0
org.apache.commons.lang3.time$FastDateParser$TimeZoneStrategy#isNumber():798;0.0
org.apache.commons.lang3.time$FastDateParser$TimeZoneStrategy#addRegex(org.apache.commons.lang3.time.FastDateParser,java.lang.StringBuilder):806;0.0
org.apache.commons.lang3.time$FastDateParser$TimeZoneStrategy#addRegex(org.apache.commons.lang3.time.FastDateParser,java.lang.StringBuilder):807;0.0
org.apache.commons.lang3.time$FastDateParser$TimeZoneStrategy#setCalendar(org.apache.commons.lang3.time.FastDateParser,java.util.Calendar,java.lang.String):816;0.0
org.apache.commons.lang3.time$FastDateParser$TimeZoneStrategy#setCalendar(org.apache.commons.lang3.time.FastDateParser,java.util.Calendar,java.lang.String):817;0.0
org.apache.commons.lang3.time$FastDateParser$TimeZoneStrategy#setCalendar(org.apache.commons.lang3.time.FastDateParser,java.util.Calendar,java.lang.String):819;0.0
org.apache.commons.lang3.time$FastDateParser$TimeZoneStrategy#setCalendar(org.apache.commons.lang3.time.FastDateParser,java.util.Calendar,java.lang.String):820;0.0
org.apache.commons.lang3.time$FastDateParser$TimeZoneStrategy#setCalendar(org.apache.commons.lang3.time.FastDateParser,java.util.Calendar,java.lang.String):823;0.0
org.apache.commons.lang3.time$FastDateParser$TimeZoneStrategy#setCalendar(org.apache.commons.lang3.time.FastDateParser,java.util.Calendar,java.lang.String):824;0.0
org.apache.commons.lang3.time$FastDateParser$TimeZoneStrategy#setCalendar(org.apache.commons.lang3.time.FastDateParser,java.util.Calendar,java.lang.String):825;0.0
org.apache.commons.lang3.time$FastDateParser$TimeZoneStrategy#setCalendar(org.apache.commons.lang3.time.FastDateParser,java.util.Calendar,java.lang.String):828;0.0
org.apache.commons.lang3.time$FastDateParser$TimeZoneStrategy#setCalendar(org.apache.commons.lang3.time.FastDateParser,java.util.Calendar,java.lang.String):829;0.0
org.apache.commons.lang3.time$FastDatePrinter$TwelveHourField#FastDatePrinter$TwelveHourField(org.apache.commons.lang3.time.FastDatePrinter$NumberRule):987;0.0
org.apache.commons.lang3.time$FastDatePrinter$TwelveHourField#FastDatePrinter$TwelveHourField(org.apache.commons.lang3.time.FastDatePrinter$NumberRule):988;0.0
org.apache.commons.lang3.time$FastDatePrinter$TwelveHourField#FastDatePrinter$TwelveHourField(org.apache.commons.lang3.time.FastDatePrinter$NumberRule):989;0.0
org.apache.commons.lang3.time$FastDatePrinter$TwelveHourField#estimateLength():996;0.0
org.apache.commons.lang3.time$FastDatePrinter$TwelveHourField#appendTo(java.lang.StringBuffer,java.util.Calendar):1004;0.0
org.apache.commons.lang3.time$FastDatePrinter$TwelveHourField#appendTo(java.lang.StringBuffer,java.util.Calendar):1005;0.0
org.apache.commons.lang3.time$FastDatePrinter$TwelveHourField#appendTo(java.lang.StringBuffer,java.util.Calendar):1006;0.0
org.apache.commons.lang3.time$FastDatePrinter$TwelveHourField#appendTo(java.lang.StringBuffer,java.util.Calendar):1008;0.0
org.apache.commons.lang3.time$FastDatePrinter$TwelveHourField#appendTo(java.lang.StringBuffer,java.util.Calendar):1009;0.0
org.apache.commons.lang3.time$FastDatePrinter$TwelveHourField#appendTo(java.lang.StringBuffer,int):1016;0.0
org.apache.commons.lang3.time$FastDatePrinter$TwelveHourField#appendTo(java.lang.StringBuffer,int):1017;0.0
org.apache.commons.lang3.time$FastDatePrinter$TextField#FastDatePrinter$TextField(int,java.lang.String[]):667;0.0
org.apache.commons.lang3.time$FastDatePrinter$TextField#FastDatePrinter$TextField(int,java.lang.String[]):668;0.0
org.apache.commons.lang3.time$FastDatePrinter$TextField#FastDatePrinter$TextField(int,java.lang.String[]):669;0.0
org.apache.commons.lang3.time$FastDatePrinter$TextField#FastDatePrinter$TextField(int,java.lang.String[]):670;0.0
org.apache.commons.lang3.time$FastDatePrinter$TextField#estimateLength():677;0.0
org.apache.commons.lang3.time$FastDatePrinter$TextField#estimateLength():678;0.0
org.apache.commons.lang3.time$FastDatePrinter$TextField#estimateLength():679;0.0
org.apache.commons.lang3.time$FastDatePrinter$TextField#estimateLength():680;0.0
org.apache.commons.lang3.time$FastDatePrinter$TextField#estimateLength():681;0.0
org.apache.commons.lang3.time$FastDatePrinter$TextField#estimateLength():683;0.0
org.apache.commons.lang3.time$FastDatePrinter$TextField#estimateLength():684;0.0
org.apache.commons.lang3.time$FastDatePrinter$TextField#appendTo(java.lang.StringBuffer,java.util.Calendar):692;0.0
org.apache.commons.lang3.time$FastDatePrinter$TextField#appendTo(java.lang.StringBuffer,java.util.Calendar):693;0.0
org.apache.commons.lang3.time$FastDateParser$KeyValue#FastDateParser$KeyValue(java.lang.String,int):348;0.0
org.apache.commons.lang3.time$FastDateParser$KeyValue#FastDateParser$KeyValue(java.lang.String,int):349;0.0
org.apache.commons.lang3.time$FastDateParser$KeyValue#FastDateParser$KeyValue(java.lang.String,int):350;0.0
org.apache.commons.lang3.time$FastDateParser$KeyValue#FastDateParser$KeyValue(java.lang.String,int):351;0.0
org.apache.commons.lang3.time$FastDatePrinter$TwentyFourHourField#FastDatePrinter$TwentyFourHourField(org.apache.commons.lang3.time.FastDatePrinter$NumberRule):1032;0.0
org.apache.commons.lang3.time$FastDatePrinter$TwentyFourHourField#FastDatePrinter$TwentyFourHourField(org.apache.commons.lang3.time.FastDatePrinter$NumberRule):1033;0.0
org.apache.commons.lang3.time$FastDatePrinter$TwentyFourHourField#FastDatePrinter$TwentyFourHourField(org.apache.commons.lang3.time.FastDatePrinter$NumberRule):1034;0.0
org.apache.commons.lang3.time$FastDatePrinter$TwentyFourHourField#estimateLength():1041;0.0
org.apache.commons.lang3.time$FastDatePrinter$TwentyFourHourField#appendTo(java.lang.StringBuffer,java.util.Calendar):1049;0.0
org.apache.commons.lang3.time$FastDatePrinter$TwentyFourHourField#appendTo(java.lang.StringBuffer,java.util.Calendar):1050;0.0
org.apache.commons.lang3.time$FastDatePrinter$TwentyFourHourField#appendTo(java.lang.StringBuffer,java.util.Calendar):1051;0.0
org.apache.commons.lang3.time$FastDatePrinter$TwentyFourHourField#appendTo(java.lang.StringBuffer,java.util.Calendar):1053;0.0
org.apache.commons.lang3.time$FastDatePrinter$TwentyFourHourField#appendTo(java.lang.StringBuffer,java.util.Calendar):1054;0.0
org.apache.commons.lang3.time$FastDatePrinter$TwentyFourHourField#appendTo(java.lang.StringBuffer,int):1061;0.0
org.apache.commons.lang3.time$FastDatePrinter$TwentyFourHourField#appendTo(java.lang.StringBuffer,int):1062;0.0
org.apache.commons.lang3.time$FastDatePrinter$StringLiteral#appendTo(java.lang.StringBuffer,java.util.Calendar):649;0.0
org.apache.commons.lang3.time$FastDatePrinter$StringLiteral#appendTo(java.lang.StringBuffer,java.util.Calendar):650;0.0
org.apache.commons.lang3.time$FastDatePrinter$TimeZoneNameRule#FastDatePrinter$TimeZoneNameRule(java.util.TimeZone,java.util.Locale,int):1107;0.0
org.apache.commons.lang3.time$FastDatePrinter$TimeZoneNameRule#FastDatePrinter$TimeZoneNameRule(java.util.TimeZone,java.util.Locale,int):1108;0.0
org.apache.commons.lang3.time$FastDatePrinter$TimeZoneNameRule#FastDatePrinter$TimeZoneNameRule(java.util.TimeZone,java.util.Locale,int):1110;0.0
org.apache.commons.lang3.time$FastDatePrinter$TimeZoneNameRule#FastDatePrinter$TimeZoneNameRule(java.util.TimeZone,java.util.Locale,int):1111;0.0
org.apache.commons.lang3.time$FastDatePrinter$TimeZoneNameRule#FastDatePrinter$TimeZoneNameRule(java.util.TimeZone,java.util.Locale,int):1112;0.0
org.apache.commons.lang3.time$FastDatePrinter$TimeZoneNameRule#estimateLength():1119;0.0
org.apache.commons.lang3.time$FastDatePrinter$TimeZoneNameRule#appendTo(java.lang.StringBuffer,java.util.Calendar):1127;0.0
org.apache.commons.lang3.time$FastDatePrinter$TimeZoneNameRule#appendTo(java.lang.StringBuffer,java.util.Calendar):1128;0.0
org.apache.commons.lang3.time$FastDatePrinter$TimeZoneNameRule#appendTo(java.lang.StringBuffer,java.util.Calendar):1130;0.0
org.apache.commons.lang3.time$FastDatePrinter$TimeZoneNameRule#appendTo(java.lang.StringBuffer,java.util.Calendar):1132;0.0
org.apache.commons.lang3.time$FastDatePrinter$TimeZoneDisplayKey#FastDatePrinter$TimeZoneDisplayKey(java.util.TimeZone,boolean,int,java.util.Locale):1208;0.0
org.apache.commons.lang3.time$FastDatePrinter$TimeZoneDisplayKey#FastDatePrinter$TimeZoneDisplayKey(java.util.TimeZone,boolean,int,java.util.Locale):1209;0.0
org.apache.commons.lang3.time$FastDatePrinter$TimeZoneDisplayKey#FastDatePrinter$TimeZoneDisplayKey(java.util.TimeZone,boolean,int,java.util.Locale):1210;0.0
org.apache.commons.lang3.time$FastDatePrinter$TimeZoneDisplayKey#FastDatePrinter$TimeZoneDisplayKey(java.util.TimeZone,boolean,int,java.util.Locale):1211;0.0
org.apache.commons.lang3.time$FastDatePrinter$TimeZoneDisplayKey#FastDatePrinter$TimeZoneDisplayKey(java.util.TimeZone,boolean,int,java.util.Locale):1213;0.0
org.apache.commons.lang3.time$FastDatePrinter$TimeZoneDisplayKey#FastDatePrinter$TimeZoneDisplayKey(java.util.TimeZone,boolean,int,java.util.Locale):1214;0.0
org.apache.commons.lang3.time$FastDatePrinter$TimeZoneDisplayKey#FastDatePrinter$TimeZoneDisplayKey(java.util.TimeZone,boolean,int,java.util.Locale):1215;0.0
org.apache.commons.lang3.time$FastDatePrinter$TimeZoneDisplayKey#hashCode():1222;0.0
org.apache.commons.lang3.time$FastDatePrinter$TimeZoneDisplayKey#equals(java.lang.Object):1230;0.0
org.apache.commons.lang3.time$FastDatePrinter$TimeZoneDisplayKey#equals(java.lang.Object):1231;0.0
org.apache.commons.lang3.time$FastDatePrinter$TimeZoneDisplayKey#equals(java.lang.Object):1233;0.0
org.apache.commons.lang3.time$FastDatePrinter$TimeZoneDisplayKey#equals(java.lang.Object):1234;0.0
org.apache.commons.lang3.time$FastDatePrinter$TimeZoneDisplayKey#equals(java.lang.Object):1235;0.0
org.apache.commons.lang3.time$FastDatePrinter$TimeZoneDisplayKey#equals(java.lang.Object):1240;0.0
